<?xml version="1.0" encoding="utf-8"?>
<!DOCTYPE nta PUBLIC '-//Uppaal Team//DTD Flat System 1.6//EN' 'http://www.it.uu.se/research/group/darts/uppaal/flat-1_6.dtd'>
<nta>
	<declaration>// Place global declarations here.
const int N = 2;

typedef int[0,N-1] ID;
typedef int[0,3] FLOOR;
typedef bool TARGETS[4];
typedef int STATE;
typedef int DIRECTION;

STATE status[N] = {2, 2};
DIRECTION direction[N] = {2, 2};
FLOOR current_floor[N] = {1, 1};
TARGETS target_floor[N] = {{false, false, false, false}, {false, false, false, false}};
TARGETS target_up[N] = {{false, false, false, false}, {false, false, false, false}};
TARGETS target_down[N] = {{false, false, false, false}, {false, false, false, false}};

broadcast chan open_door[N], close_door[N];
broadcast chan down[N], up[N];

clock gclk;
</declaration>
	<template>
		<name>User</name>
		<declaration>int i = 0;

int compute_callup_time(ID id, FLOOR floor_) {
    if (direction[id] == 2) {
        return abs(current_floor[id] - floor_);
    } else if (direction[id] == 1) {
        FLOOR min_floor = current_floor[id];
        for (i = 0; i &lt; current_floor[id]; i++) {
            if (target_floor[id][i] or target_up[id][i] or target_down[id][i]) {
                min_floor = i;
                return abs(floor_ - min_floor) + (current_floor[id] - min_floor);
            } 
        }
        return abs(floor_ - min_floor) + (current_floor[id] - min_floor);
    } else if (direction[id] == 0) {
        if (floor_ &gt;= current_floor[id]) {
            return floor_ - current_floor[id];
        } else {
            FLOOR max_floor = current_floor[id];
            for (i = current_floor[id]; i &lt; 4; i++) {
                if (target_floor[id][i] or target_up[id][i] or target_down[id][i]) {
                    max_floor = i;
                }
            }
            return (max_floor - current_floor[id]) + (max_floor - floor_);
        }
    }
    return 10;
}

int compute_calldown_time(ID id, FLOOR floor_) {
    if (direction[id] == 2) {
        return abs(current_floor[id] - floor_);
    } else if (direction[id] == 1) {
        if (floor_ &lt;= current_floor[id]) {
            return current_floor[id] - floor_;
        } else {
            FLOOR min_floor = current_floor[id];
            for (i = 0; i &lt; current_floor[id]; i++) {
                if (target_floor[id][i] or target_up[id][i] or target_down[id][i]) {
                    min_floor = i;
                    return abs(floor_ - min_floor) + (current_floor[id] - min_floor);
                } 
            }
            return abs(floor_ - min_floor) + (current_floor[id] - min_floor);
        }
    } else if (direction[id] == 0) {
        FLOOR max_floor = current_floor[id];
        for (i = current_floor[id]; i &lt; 4; i++) {
            if (target_floor[id][i] or target_up[id][i] or target_down[id][i]) {
                max_floor = i;
            }
        }
        return (max_floor - current_floor[id]) + (max_floor - floor_);
    }
    return 10;
}

void press(ID id, FLOOR floor_) {
    target_floor[id][floor_] = true;
}

int arrive_time1 = 0;
int arrive_time2 = 0;
ID ele_id = 0;

void call_up(FLOOR floor_) {
    if (target_up[0][floor_] or target_up[1][floor_]) {
        return;
    }
    if (target_down[0][floor_]) {
        target_up[1][floor_] = true;
        return;
    } else if (target_down[1][floor_]) {
        target_up[0][floor_] = true;
        return;
    }
    arrive_time1 = compute_callup_time(0, floor_);
    arrive_time2 = compute_callup_time(1, floor_);
    if (arrive_time1 &lt; arrive_time2) {
        ele_id = 0;
    } else {
        ele_id = 1;
    }
    target_up[ele_id][floor_] = true;
}

void call_down(FLOOR floor_) {
    if (target_down[0][floor_] or target_down[1][floor_]) {
        return;
    }
    if (target_up[0][floor_]) {
        target_down[1][floor_] = true;
        return;
    } else if (target_up[1][floor_]) {
        target_down[0][floor_] = true;
        return;
    }
    arrive_time1 = compute_calldown_time(0, floor_);
    arrive_time2 = compute_calldown_time(1, floor_);
    if (arrive_time1 &lt; arrive_time2) {
        ele_id = 0;
    } else {
        ele_id = 1;
    }
    target_down[ele_id][floor_] = true;
}</declaration>
		<location id="id0" x="-272" y="-110">
		</location>
		<location id="id1" x="8" y="-110">
			<name x="33" y="-119">Pressed</name>
			<committed/>
		</location>
		<init ref="id0"/>
		<transition id="id2">
			<source ref="id0"/>
			<target ref="id1"/>
			<label kind="select" x="-196" y="51">floor_:int[1,3]</label>
			<label kind="assignment" x="-196" y="76">call_down(floor_)</label>
			<nail x="-213" y="76"/>
			<nail x="-43" y="76"/>
		</transition>
		<transition id="id3">
			<source ref="id0"/>
			<target ref="id1"/>
			<label kind="select" x="-196" y="-18">floor_:int[0,2]</label>
			<label kind="assignment" x="-187" y="8">call_up(floor_)</label>
			<nail x="-213" y="8"/>
			<nail x="-43" y="8"/>
		</transition>
		<transition id="id4">
			<source ref="id0"/>
			<target ref="id1"/>
			<label kind="select" x="-213" y="-85">id:ID,floor_:FLOOR</label>
			<label kind="assignment" x="-196" y="-59">press(id, floor_)</label>
			<nail x="-221" y="-59"/>
			<nail x="-35" y="-59"/>
		</transition>
		<transition id="id5">
			<source ref="id1"/>
			<target ref="id0"/>
		</transition>
	</template>
	<template>
		<name>Elevator</name>
		<parameter>const ID id</parameter>
		<declaration>clock t;

bool checkArrive(ID id, FLOOR floor_) {
    return target_floor[id][floor_] or target_up[id][floor_] or target_down[id][floor_];
}

void remove(ID id, FLOOR floor_) {
    target_floor[id][floor_] = false;
    if (target_up[id][floor_]) {
        target_up[id][floor_] = false;
    } else if (target_down[id][floor_]) {
        target_down[id][floor_] = false;
    }
}</declaration>
		<location id="id6" x="-357" y="-59">
			<name x="-442" y="-68">Floor_b</name>
		</location>
		<location id="id7" x="0" y="-59">
			<name x="-85" y="-67">Floor_1</name>
		</location>
		<location id="id8" x="391" y="-51">
			<name x="306" y="-59">Floor_2</name>
		</location>
		<location id="id9" x="680" y="-51">
			<name x="705" y="-59">Floor_3</name>
		</location>
		<location id="id10" x="-238" y="-161">
			<name x="-297" y="-195">up_b</name>
			<label kind="invariant" x="-289" y="-170">t&lt;=1</label>
		</location>
		<location id="id11" x="136" y="-161">
			<name x="119" y="-195">up_1</name>
			<label kind="invariant" x="119" y="-144">t&lt;=1</label>
		</location>
		<location id="id12" x="272" y="-161">
			<name x="229" y="-195">check_1to2</name>
			<committed/>
		</location>
		<location id="id13" x="-110" y="-161">
			<name x="-144" y="-195">check_bto1</name>
			<committed/>
		</location>
		<location id="id14" x="535" y="-161">
			<name x="552" y="-195">up_2</name>
			<label kind="invariant" x="552" y="-170">t&lt;=1</label>
		</location>
		<location id="id15" x="603" y="51">
			<name x="620" y="34">down_3</name>
			<label kind="invariant" x="620" y="51">t&lt;=1</label>
		</location>
		<location id="id16" x="476" y="51">
			<name x="476" y="59">check_3to2</name>
			<committed/>
		</location>
		<location id="id17" x="272" y="51">
			<name x="229" y="59">down_2</name>
			<label kind="invariant" x="246" y="76">t&lt;=1</label>
		</location>
		<location id="id18" x="127" y="51">
			<name x="85" y="68">check_2to1</name>
			<committed/>
		</location>
		<location id="id19" x="-178" y="51">
			<name x="-204" y="59">down_1</name>
			<label kind="invariant" x="-195" y="76">t&lt;=1</label>
		</location>
		<init ref="id7"/>
		<transition id="id20">
			<source ref="id19"/>
			<target ref="id6"/>
			<label kind="synchronisation" x="-408" y="-17">open_door[id]!</label>
			<label kind="assignment" x="-425" y="8">current_floor[id]=0,status[id]=2,remove(id,0),t=0</label>
		</transition>
		<transition id="id21">
			<source ref="id18"/>
			<target ref="id19"/>
			<label kind="guard" x="-119" y="51">!checkArrive(id,1)</label>
			<label kind="assignment" x="-127" y="68">current_floor[id]=1,t=0</label>
		</transition>
		<transition id="id22">
			<source ref="id7"/>
			<target ref="id19"/>
			<label kind="synchronisation" x="-144" y="-42">down[id]?</label>
			<label kind="assignment" x="-153" y="-17">status[id]=1,t=0</label>
		</transition>
		<transition id="id23">
			<source ref="id18"/>
			<target ref="id7"/>
			<label kind="guard" x="51" y="-42">checkArrive(id,1)</label>
			<label kind="synchronisation" x="76" y="-17">open_door[id]!</label>
			<label kind="assignment" x="-76" y="25">current_floor[id]=1,status[id]=2,remove(id,1),t=0</label>
		</transition>
		<transition id="id24">
			<source ref="id17"/>
			<target ref="id18"/>
			<label kind="guard" x="170" y="51">t&gt;=1</label>
			<label kind="assignment" x="178" y="68">t=0</label>
		</transition>
		<transition id="id25">
			<source ref="id8"/>
			<target ref="id17"/>
			<label kind="synchronisation" x="229" y="-34">down[id]?</label>
			<label kind="assignment" x="204" y="-17">status[id]=1,t=0</label>
		</transition>
		<transition id="id26">
			<source ref="id16"/>
			<target ref="id17"/>
			<label kind="guard" x="289" y="51">!checkArrive(id,2)</label>
			<label kind="assignment" x="289" y="68">current_floor[id]=2,t=0</label>
		</transition>
		<transition id="id27">
			<source ref="id16"/>
			<target ref="id8"/>
			<label kind="guard" x="425" y="-42">checkArrive(id,2)</label>
			<label kind="synchronisation" x="442" y="-17">open_door[id]!</label>
			<label kind="assignment" x="323" y="8">current_floor[id]=2,status[id]=2,remove(id,2),t=0</label>
		</transition>
		<transition id="id28">
			<source ref="id15"/>
			<target ref="id16"/>
			<label kind="guard" x="552" y="51">t&gt;=1</label>
			<label kind="assignment" x="561" y="68">t=0</label>
		</transition>
		<transition id="id29">
			<source ref="id9"/>
			<target ref="id15"/>
			<label kind="synchronisation" x="671" y="-34">down[id]?</label>
			<label kind="assignment" x="654" y="-17">status[id]=1,t=0</label>
		</transition>
		<transition id="id30">
			<source ref="id14"/>
			<target ref="id9"/>
			<label kind="synchronisation" x="620" y="-119">open_door[id]!</label>
			<label kind="assignment" x="450" y="-102">current_floor[id]=3,status[id]=2,remove(id,3),t=0</label>
		</transition>
		<transition id="id31">
			<source ref="id12"/>
			<target ref="id14"/>
			<label kind="guard" x="323" y="-195">!checkArrive(id,2)</label>
			<label kind="assignment" x="306" y="-178">current_floor[id]=2,t=0</label>
		</transition>
		<transition id="id32">
			<source ref="id8"/>
			<target ref="id14"/>
			<label kind="synchronisation" x="399" y="-144">up[id]?</label>
			<label kind="assignment" x="365" y="-119">status[id]=0,t=0</label>
		</transition>
		<transition id="id33">
			<source ref="id13"/>
			<target ref="id11"/>
			<label kind="guard" x="-51" y="-195">!checkArrive(id,1)</label>
			<label kind="assignment" x="-85" y="-178">current_floor[id]=1,t=0</label>
		</transition>
		<transition id="id34">
			<source ref="id12"/>
			<target ref="id8"/>
			<label kind="guard" x="178" y="-136">checkArrive(id,2)</label>
			<label kind="synchronisation" x="187" y="-110">open_door[id]!</label>
			<label kind="assignment" x="102" y="-85">current_floor[id]=2,status[id]=2,remove(id,2),t=0</label>
		</transition>
		<transition id="id35">
			<source ref="id11"/>
			<target ref="id12"/>
			<label kind="guard" x="178" y="-204">t&gt;=1</label>
			<label kind="assignment" x="187" y="-187">t=0</label>
		</transition>
		<transition id="id36">
			<source ref="id7"/>
			<target ref="id11"/>
			<label kind="synchronisation" x="-8" y="-144">up[id]?</label>
			<label kind="assignment" x="-8" y="-119">status[id]=0,t=0</label>
		</transition>
		<transition id="id37">
			<source ref="id13"/>
			<target ref="id7"/>
			<label kind="guard" x="-195" y="-136">checkArrive(id,1)</label>
			<label kind="synchronisation" x="-178" y="-110">open_door[id]!</label>
			<label kind="assignment" x="-323" y="-93">current_floor[id]=1,status[id]=2,remove(id,1),t=0</label>
		</transition>
		<transition id="id38">
			<source ref="id10"/>
			<target ref="id13"/>
			<label kind="guard" x="-204" y="-204">t&gt;=1</label>
			<label kind="assignment" x="-195" y="-187">t=0</label>
		</transition>
		<transition id="id39">
			<source ref="id6"/>
			<target ref="id10"/>
			<label kind="synchronisation" x="-408" y="-136">up[id]?</label>
			<label kind="assignment" x="-442" y="-110">status[id]=1,t=0</label>
		</transition>
	</template>
	<template>
		<name x="5" y="5">ElevatorDoor</name>
		<parameter>const ID id</parameter>
		<declaration>// Place local declarations here.
clock t;
int door_outside_length;
int open_timer;

bool isfree(int id) {
    return not (status[id] == 0 or status[id] == 1);
}</declaration>
		<location id="id40" x="-229" y="-127">
			<name x="-416" y="-136">stopped_door_closed</name>
		</location>
		<location id="id41" x="51" y="-127">
			<name x="76" y="-144">stopped_door_opened</name>
			<committed/>
		</location>
		<init ref="id40"/>
		<transition id="id42">
			<source ref="id41"/>
			<target ref="id40"/>
			<label kind="synchronisation" x="-153" y="-110">close_door[id]!</label>
			<nail x="8" y="-85"/>
			<nail x="-187" y="-85"/>
		</transition>
		<transition id="id43">
			<source ref="id40"/>
			<target ref="id41"/>
			<label kind="guard" x="-136" y="-221">isfree(id)</label>
			<label kind="synchronisation" x="-153" y="-204">open_door[id]?</label>
			<label kind="assignment" x="-144" y="-178">status[id]=3</label>
			<nail x="-187" y="-178"/>
			<nail x="0" y="-178"/>
		</transition>
	</template>
	<system>system User, Elevator, ElevatorDoor;
</system>
	<queries>
		<query>
			<formula>A[] forall(i:ID) ElevatorDoor(i).stopped_door_opened imply Elevator(i).Floor_b or Elevator(i).Floor_1 or Elevator(i).Floor_2 or Elevator(i).Floor_3</formula>
			<comment/>
			<result outcome="success" type="quality" timestamp="2024-06-24 00:29:50 +0800">
			</result>
		</query>
		<query>
			<formula>A[] not deadlock</formula>
			<comment/>
			<result outcome="success" type="quality" timestamp="2024-06-24 00:16:57 +0800">
			</result>
		</query>
	</queries>
</nta>
